
USE YemekSiparisDB;
GO

INSERT INTO Siparis
(MusteriID, RestoranID, KuryeID, SiparisTarihi, SiparisDurumu, ToplamTutar, TeslimatAdresi)
VALUES

(1, 1, 1, GETDATE(), 'Teslim Edildi', 150, 'İstanbul'),
(2, 1, 2, GETDATE(), 'Hazırlanıyor', 220, 'İstanbul'),
(3, 2, 3, GETDATE(), 'Teslim Edildi', 180, 'Ankara'),
(4, 2, 1, GETDATE(), 'Yolda', 260, 'Ankara'),
(5, 3, 2, GETDATE(), 'Teslim Edildi', 190, 'Bursa'),
(6, 3, 4, GETDATE(), 'Hazırlanıyor', 140, 'Bursa'),
(7, 4, 5, GETDATE(), 'Teslim Edildi', 120, 'İzmir'),
(8, 4, 1, GETDATE(), 'Yolda', 210, 'İzmir'),
(9, 5, 2, GETDATE(), 'Teslim Edildi', 175, 'Antalya'),
(10, 5, 3, GETDATE(), 'Hazırlanıyor', 160, 'Antalya'),

(11, 1, 4, GETDATE(), 'Teslim Edildi', 230, 'İstanbul'),
(12, 2, 5, GETDATE(), 'Teslim Edildi', 145, 'Ankara'),
(13, 3, 1, GETDATE(), 'Yolda', 280, 'Bursa'),
(14, 4, 2, GETDATE(), 'Hazırlanıyor', 110, 'İzmir'),
(15, 5, 3, GETDATE(), 'Teslim Edildi', 205, 'Antalya'),
(16, 1, 4, GETDATE(), 'Teslim Edildi', 195, 'İstanbul'),
(17, 2, 5, GETDATE(), 'Yolda', 170, 'Ankara'),
(18, 3, 1, GETDATE(), 'Teslim Edildi', 240, 'Bursa'),
(19, 4, 2, GETDATE(), 'Hazırlanıyor', 130, 'İzmir'),
(20, 5, 3, GETDATE(), 'Teslim Edildi', 260, 'Antalya');

INSERT INTO SiparisDetay
(SiparisID, UrunID, Adet, BirimFiyat)
VALUES

(2, 1, 1, 120),
(2, 7, 1, 30),

(3, 2, 2, 110),

(4, 11, 1, 150),
(4, 17, 1, 20),

(5, 12, 1, 140),
(5, 18, 2, 25),

(6, 21, 1, 130),
(6, 22, 1, 120),

(7, 23, 1, 135),

(8, 31, 1, 160),

(9, 32, 2, 90),

(10, 41, 1, 140),
(10, 47, 1, 35),

(11, 42, 1, 130),

(12, 3, 1, 140),
(12, 8, 1, 20),

(13, 13, 1, 150),

(14, 24, 2, 140),

(15, 33, 1, 80),

(16, 43, 1, 145),
(16, 48, 1, 30),

(17, 4, 1, 100),

(18, 14, 1, 140),

(19, 25, 1, 170),

(20, 34, 1, 70),

(21, 44, 1, 150),
(21, 49, 1, 40);


INSERT INTO Odeme
(SiparisID, OdemeTuru, OdemeTarihi, OdemeDurumu)
VALUES

(2, 'Kredi Kartı', GETDATE(), 'Başarılı'),
(3, 'Nakit', GETDATE(), 'Başarılı'),
(4, 'Kredi Kartı', GETDATE(), 'Başarılı'),
(5, 'Online Ödeme', GETDATE(), 'Başarılı'),
(6, 'Nakit', GETDATE(), 'Başarılı'),
(7, 'Kredi Kartı', GETDATE(), 'Başarılı'),
(8, 'Online Ödeme', GETDATE(), 'Başarılı'),
(9, 'Nakit', GETDATE(), 'Başarılı'),
(10, 'Kredi Kartı', GETDATE(), 'Başarılı'),
(11, 'Online Ödeme', GETDATE(), 'Başarılı'),

(12, 'Nakit', GETDATE(), 'Başarılı'),
(13, 'Kredi Kartı', GETDATE(), 'Başarılı'),
(14, 'Online Ödeme', GETDATE(), 'Başarılı'),
(15, 'Nakit', GETDATE(), 'Başarılı'),
(16, 'Kredi Kartı', GETDATE(), 'Başarılı'),
(17, 'Online Ödeme', GETDATE(), 'Başarılı'),
(18, 'Nakit', GETDATE(), 'Başarılı'),
(19, 'Kredi Kartı', GETDATE(), 'Başarılı'),
(20, 'Online Ödeme', GETDATE(), 'Başarılı'),
(21, 'Nakit', GETDATE(), 'Başarılı');

INSERT INTO AskidaBagis
(BagisYapanMusteriID, BagisTutari, BagisTarihi, AnonimMi, Aciklama, IsActive)
VALUES

(1, 300, GETDATE(), 0, '2 kişilik askıda yemek bağışı', 1),
(3, 180, GETDATE(), 1, 'İhtiyaç sahipleri için bağış', 1),
(5, 540, GETDATE(), 0, '3 kişilik yemek desteği', 1),
(7, 240, GETDATE(), 1, 'Anonim bağış', 1),
(9, 175, GETDATE(), 0, 'Askıda yemek katkısı', 1),

(11, 400, GETDATE(), 1, 'Destek bağışı', 1),
(13, 280, GETDATE(), 0, 'İhtiyaç sahipleri için', 1),
(15, 410, GETDATE(), 1, 'Yemek desteği', 1),
(17, 170, GETDATE(), 0, 'Askıda yemek', 1),
(19, 260, GETDATE(), 1, 'Anonim destek', 1);

INSERT INTO AskidaKullanim
(MusteriID, SiparisID, KullanilanTutar, KullanimTarihi, Aciklama)
VALUES

(2, 3, 180, GETDATE(), 'Askıda yemek kullanıldı'),
(4, 5, 190, GETDATE(), 'İhtiyaç sahibi kullanımı'),
(6, 7, 120, GETDATE(), 'Askı desteği kullanıldı'),
(8, 9, 175, GETDATE(), 'Ücretsiz sipariş'),
(10, 11, 230, GETDATE(), 'Askıda yemek'),

(12, 13, 280, GETDATE(), 'İhtiyaç sahibi desteği'),
(14, 15, 205, GETDATE(), 'Askı kullanımı'),
(16, 17, 170, GETDATE(), 'Ücretsiz sipariş'),
(18, 19, 130, GETDATE(), 'Askıda yemek desteği'),
(20, 21, 260, GETDATE(), 'Sosyal destek siparişi');